id,name,surname,birthyear,gender
1,Coletta,Plumbridge,3974,Female
2,Crystal,Spellward,4022,Female
3,Tracey,Locock,4008,Female
4,Nevins,Woodroff,4002,Male
5,Channa,Moralee,3998,Female
6,Trey,Anstice,3986,Male
7,Burlie,Nyles,3992,Male
8,Selinda,Starbucke,4004,Female
9,Lenore,Manston,4002,Female
10,Lu,Andreopolos,3992,Female
11,Auberta,Coley,3992,Female
12,Belita,Ramalho,3990,Female
13,Tara,Wetton,4000,Female
14,Leonanie,Le Huquet,4024,Female
15,Niel,Le Conte,4004,Male
16,Alvira,O'Fallowne,3982,Female
17,Paule,Rittmeyer,4004,Female
18,Marquita,Marrett,4022,Female
19,Morey,Butterfield,3992,Male
20,Rich,Montague,3980,Male
